ID,USERNAME,FIRST_NAME,LAST_NAME,Password,Grade,Test,Pre-Test Percent Correct,Post-Test Percent Correct,Topic ID,Pre-Test Outcomes,Pre-Test GUIDs,Pre-Test Check-in ID,Post-Test Outcomes,Post-Test GUIDs,Post-Test Check-in ID
8019677,u5050a1t5s,5050_A1_T5,student,insecure,A1,T5,0.5,0.5,22463,"4.CE.2f, 7.CE.1a, 8.PFA.1a, 8.PFA.1b, A.EO.3a, 5.NS.2c","LanternOutcome-14255, LanternOutcome-14294, LanternOutcome-14580, LanternOutcome-14581, LanternOutcome-14611, LanternOutcome-14207",completed,"A.EO.2a, A.EO.2b, A.EO.2e, A.EO.2d, A.EO.2c","LanternOutcome-14606, LanternOutcome-14607, LanternOutcome-14610, LanternOutcome-14609, LanternOutcome-14608",3512449
8019678,u5050a1t6s,5050_A1_T6,student,insecure,A1,T6,0.5,0.7,,"4.CE.2f, 7.CE.1a, 8.PFA.1a, 8.PFA.1b, A.EO.3a, 5.NS.2c","LanternOutcome-14255, LanternOutcome-14294, LanternOutcome-14580, LanternOutcome-14581, LanternOutcome-14611, LanternOutcome-14207",3511545,"A.EO.2a, A.EO.2b, A.EO.2e, A.EO.2d, A.EO.2c","LanternOutcome-14606, LanternOutcome-14607, LanternOutcome-14610, LanternOutcome-14609, LanternOutcome-14608",3512625
8019679,u5050a1t7s,5050_A1_T7,student,insecure,A1,T7,0.5,0.3,,"4.CE.2f, 7.CE.1a, 8.PFA.1a, 8.PFA.1b, A.EO.3a, 5.NS.2c","LanternOutcome-14255, LanternOutcome-14294, LanternOutcome-14580, LanternOutcome-14581, LanternOutcome-14611, LanternOutcome-14207",3511887,"A.EO.2a, A.EO.2b, A.EO.2e, A.EO.2d, A.EO.2c","LanternOutcome-14606, LanternOutcome-14607, LanternOutcome-14610, LanternOutcome-14609, LanternOutcome-14608",3512920
8019692,u5050gt5s,5050_G_T5,student,insecure,G,T5,0.5,0.5,22479,"G.RLT.2c, G.RLT.2a, 4.MG.4c, 8.MG.3d, A.EI.1b, A.F.2c, 5.MG.3e, 6.MG.4d, 8.MG.3e","LanternOutcome-14746, LanternOutcome-14744, LanternOutcome-14345, LanternOutcome-14429, LanternOutcome-14632, LanternOutcome-14686, LanternOutcome-14377, LanternOutcome-14399, LanternOutcome-14430",3511140,"G.RLT.3ciii, G.TR.2d, G.RLT.3cii, G.TR.2a, G.RLT.3ci, G.TR.2b","LanternOutcome-14751, LanternOutcome-14761, LanternOutcome-14750, LanternOutcome-14758, LanternOutcome-14749, LanternOutcome-14759",3512452
8019693,u5050gt6s,5050_G_T6,student,insecure,G,T6,0.5,0.7,,"G.RLT.2c, G.RLT.2a, 4.MG.4c, 8.MG.3d, A.EI.1b, A.F.2c, 5.MG.3e, 6.MG.4d, 8.MG.3e","LanternOutcome-14746, LanternOutcome-14744, LanternOutcome-14345, LanternOutcome-14429, LanternOutcome-14632, LanternOutcome-14686, LanternOutcome-14377, LanternOutcome-14399, LanternOutcome-14430",3511553,"G.RLT.3ciii, G.TR.2d, G.RLT.3cii, G.TR.2a, G.RLT.3ci, G.TR.2b","LanternOutcome-14751, LanternOutcome-14761, LanternOutcome-14750, LanternOutcome-14758, LanternOutcome-14749, LanternOutcome-14759",3512631
8019694,u5050gt7s,5050_G_T7,student,insecure,G,T7,0.5,0.3,,"G.RLT.2c, G.RLT.2a, 4.MG.4c, 8.MG.3d, A.EI.1b, A.F.2c, 5.MG.3e, 6.MG.4d, 8.MG.3e","LanternOutcome-14746, LanternOutcome-14744, LanternOutcome-14345, LanternOutcome-14429, LanternOutcome-14632, LanternOutcome-14686, LanternOutcome-14377, LanternOutcome-14399, LanternOutcome-14430",3511891,"G.RLT.3ciii, G.TR.2d, G.RLT.3cii, G.TR.2a, G.RLT.3ci, G.TR.2b","LanternOutcome-14751, LanternOutcome-14761, LanternOutcome-14750, LanternOutcome-14758, LanternOutcome-14749, LanternOutcome-14759",3512921
8019707,u5050grade7t5s,5050_grade7_T5,student,insecure,7,T5,0.5,0.5,22496,"5.MG.1aiii, 5.MG.1ci, 6.PFA.3e, 6.PFA.1a, 6.PFA.2b, 6.PFA.1f, 6.PFA.2a, 6.PFA.3c, 6.NS.1d, 5.MG.1cii, 6.PFA.3b, 8.NS.1c, 5.MG.1ciii, 5.MG.1aii, 7.CE.1a, 6.PFA.2d, 6.PFA.2e, 5.MG.1ai, 6.PFA.1e","LanternOutcome-14359, LanternOutcome-14363, LanternOutcome-14550, LanternOutcome-14535, LanternOutcome-14542, LanternOutcome-14540, LanternOutcome-14541, LanternOutcome-14548, LanternOutcome-14211, LanternOutcome-14364, LanternOutcome-14547, LanternOutcome-14230, LanternOutcome-14365, LanternOutcome-14358, LanternOutcome-14294, LanternOutcome-14544, LanternOutcome-14545, LanternOutcome-14357, LanternOutcome-14539",3511144,"7.PFA.1e, 7.PFA.1c, 7.PFA.1d, 7.PFA.1a, 7.CE.2d, 7.CE.2c, 7.PFA.1b, 7.CE.2a, 7.CE.2b","LanternOutcome-14561, LanternOutcome-14559, LanternOutcome-14560, LanternOutcome-14557, LanternOutcome-14298, LanternOutcome-14297, LanternOutcome-14558, LanternOutcome-14295, LanternOutcome-14296",3512454
8019708,u5050grade7t6s,5050_grade7_T6,student,insecure,7,T6,0.5,0.7,,"5.MG.1aiii, 5.MG.1ci, 6.PFA.3e, 6.PFA.1a, 6.PFA.2b, 6.PFA.1f, 6.PFA.2a, 6.PFA.3c, 6.NS.1d, 5.MG.1cii, 6.PFA.3b, 8.NS.1c, 5.MG.1ciii, 5.MG.1aii, 7.CE.1a, 6.PFA.2d, 6.PFA.2e, 5.MG.1ai, 6.PFA.1e","LanternOutcome-14359, LanternOutcome-14363, LanternOutcome-14550, LanternOutcome-14535, LanternOutcome-14542, LanternOutcome-14540, LanternOutcome-14541, LanternOutcome-14548, LanternOutcome-14211, LanternOutcome-14364, LanternOutcome-14547, LanternOutcome-14230, LanternOutcome-14365, LanternOutcome-14358, LanternOutcome-14294, LanternOutcome-14544, LanternOutcome-14545, LanternOutcome-14357, LanternOutcome-14539",3511559,"7.PFA.1e, 7.PFA.1c, 7.PFA.1d, 7.PFA.1a, 7.CE.2d, 7.CE.2c, 7.PFA.1b, 7.CE.2a, 7.CE.2b","LanternOutcome-14561, LanternOutcome-14559, LanternOutcome-14560, LanternOutcome-14557, LanternOutcome-14298, LanternOutcome-14297, LanternOutcome-14558, LanternOutcome-14295, LanternOutcome-14296",3512637
8019709,u5050grade7t7s,5050_grade7_T7,student,insecure,7,T7,0.5,0.3,,"5.MG.1aiii, 5.MG.1ci, 6.PFA.3e, 6.PFA.1a, 6.PFA.2b, 6.PFA.1f, 6.PFA.2a, 6.PFA.3c, 6.NS.1d, 5.MG.1cii, 6.PFA.3b, 8.NS.1c, 5.MG.1ciii, 5.MG.1aii, 7.CE.1a, 6.PFA.2d, 6.PFA.2e, 5.MG.1ai, 6.PFA.1e","LanternOutcome-14359, LanternOutcome-14363, LanternOutcome-14550, LanternOutcome-14535, LanternOutcome-14542, LanternOutcome-14540, LanternOutcome-14541, LanternOutcome-14548, LanternOutcome-14211, LanternOutcome-14364, LanternOutcome-14547, LanternOutcome-14230, LanternOutcome-14365, LanternOutcome-14358, LanternOutcome-14294, LanternOutcome-14544, LanternOutcome-14545, LanternOutcome-14357, LanternOutcome-14539",3511899,"7.PFA.1e, 7.PFA.1c, 7.PFA.1d, 7.PFA.1a, 7.CE.2d, 7.CE.2c, 7.PFA.1b, 7.CE.2a, 7.CE.2b","LanternOutcome-14561, LanternOutcome-14559, LanternOutcome-14560, LanternOutcome-14557, LanternOutcome-14298, LanternOutcome-14297, LanternOutcome-14558, LanternOutcome-14295, LanternOutcome-14296",3512923
8019722,u5050grade8t5s,5050_grade8_T5,student,insecure,8,T5,0.5,0.5,22504,"5.PFA.1b, 6.PFA.1f, 6.PFA.1d, 7.PFA.1d, 6.MG.3d, 7.PFA.3e, 6.MG.3c, 7.PFA.1b, 7.PFA.1e, 7.PFA.2d, 7.CE.2a","LanternOutcome-14529, LanternOutcome-14540, LanternOutcome-14538, LanternOutcome-14560, LanternOutcome-14393, LanternOutcome-14570, LanternOutcome-14392, LanternOutcome-14558, LanternOutcome-14561, LanternOutcome-14565, LanternOutcome-14295",completed,"8.PFA.3c, 8.PFA.2a, 8.PFA.3b, 8.PFA.3f, 8.PFA.2b, 8.PFA.3a, 8.PFA.3d, 8.PFA.3e","LanternOutcome-14586, LanternOutcome-14582, LanternOutcome-14585, LanternOutcome-14589, LanternOutcome-14583, LanternOutcome-14584, LanternOutcome-14587, LanternOutcome-14588",3512457
8019723,u5050grade8t6s,5050_grade8_T6,student,insecure,8,T6,0.5,0.7,,"5.PFA.1b, 6.PFA.1f, 6.PFA.1d, 7.PFA.1d, 6.MG.3d, 7.PFA.3e, 6.MG.3c, 7.PFA.1b, 7.PFA.1e, 7.PFA.2d, 7.CE.2a","LanternOutcome-14529, LanternOutcome-14540, LanternOutcome-14538, LanternOutcome-14560, LanternOutcome-14393, LanternOutcome-14570, LanternOutcome-14392, LanternOutcome-14558, LanternOutcome-14561, LanternOutcome-14565, LanternOutcome-14295",3511565,"8.PFA.3c, 8.PFA.2a, 8.PFA.3b, 8.PFA.3f, 8.PFA.2b, 8.PFA.3a, 8.PFA.3d, 8.PFA.3e","LanternOutcome-14586, LanternOutcome-14582, LanternOutcome-14585, LanternOutcome-14589, LanternOutcome-14583, LanternOutcome-14584, LanternOutcome-14587, LanternOutcome-14588",3512642
8019724,u5050grade8t7s,5050_grade8_T7,student,insecure,8,T7,0.5,0.3,,"5.PFA.1b, 6.PFA.1f, 6.PFA.1d, 7.PFA.1d, 6.MG.3d, 7.PFA.3e, 6.MG.3c, 7.PFA.1b, 7.PFA.1e, 7.PFA.2d, 7.CE.2a","LanternOutcome-14529, LanternOutcome-14540, LanternOutcome-14538, LanternOutcome-14560, LanternOutcome-14393, LanternOutcome-14570, LanternOutcome-14392, LanternOutcome-14558, LanternOutcome-14561, LanternOutcome-14565, LanternOutcome-14295",3511909,"8.PFA.3c, 8.PFA.2a, 8.PFA.3b, 8.PFA.3f, 8.PFA.2b, 8.PFA.3a, 8.PFA.3d, 8.PFA.3e","LanternOutcome-14586, LanternOutcome-14582, LanternOutcome-14585, LanternOutcome-14589, LanternOutcome-14583, LanternOutcome-14584, LanternOutcome-14587, LanternOutcome-14588",3512924
8019680,uallcorrecta1t5s,all_correct_A1_T5,student,insecure,A1,T5,1,1,22463,"4.CE.2f, 7.CE.1a, 8.PFA.1a, 8.PFA.1b, A.EO.3a, 5.NS.2c","LanternOutcome-14255, LanternOutcome-14294, LanternOutcome-14580, LanternOutcome-14581, LanternOutcome-14611, LanternOutcome-14207",3512412,"A.EO.2a, A.EO.2b, A.EO.2e, A.EO.2d, A.EO.2c","LanternOutcome-14606, LanternOutcome-14607, LanternOutcome-14610, LanternOutcome-14609, LanternOutcome-14608",3512459
8019681,uallcorrecta1t6s,all_correct_A1_T6,student,insecure,A1,T6,1,1,,"4.CE.2f, 7.CE.1a, 8.PFA.1a, 8.PFA.1b, A.EO.3a, 5.NS.2c","LanternOutcome-14255, LanternOutcome-14294, LanternOutcome-14580, LanternOutcome-14581, LanternOutcome-14611, LanternOutcome-14207",3511574,"A.EO.2a, A.EO.2b, A.EO.2e, A.EO.2d, A.EO.2c","LanternOutcome-14606, LanternOutcome-14607, LanternOutcome-14610, LanternOutcome-14609, LanternOutcome-14608",3512646
8019682,uallcorrecta1t7s,all_correct_A1_T7,student,insecure,A1,T7,1,0.8,,"4.CE.2f, 7.CE.1a, 8.PFA.1a, 8.PFA.1b, A.EO.3a, 5.NS.2c","LanternOutcome-14255, LanternOutcome-14294, LanternOutcome-14580, LanternOutcome-14581, LanternOutcome-14611, LanternOutcome-14207",3511911,"A.EO.2a, A.EO.2b, A.EO.2e, A.EO.2d, A.EO.2c","LanternOutcome-14606, LanternOutcome-14607, LanternOutcome-14610, LanternOutcome-14609, LanternOutcome-14608",3512926
8019695,uallcorrectgt5s,all_correct_G_T5,student,insecure,G,T5,1,1,22479,"G.RLT.2c, G.RLT.2a, 4.MG.4c, 8.MG.3d, A.EI.1b, A.F.2c, 5.MG.3e, 6.MG.4d, 8.MG.3e","LanternOutcome-14746, LanternOutcome-14744, LanternOutcome-14345, LanternOutcome-14429, LanternOutcome-14632, LanternOutcome-14686, LanternOutcome-14377, LanternOutcome-14399, LanternOutcome-14430",3511311,"G.RLT.3ciii, G.TR.2d, G.RLT.3cii, G.TR.2a, G.RLT.3ci, G.TR.2b","LanternOutcome-14751, LanternOutcome-14761, LanternOutcome-14750, LanternOutcome-14758, LanternOutcome-14749, LanternOutcome-14759",3512461
8019696,uallcorrectgt6s,all_correct_G_T6,student,insecure,G,T6,1,1,,"G.RLT.2c, G.RLT.2a, 4.MG.4c, 8.MG.3d, A.EI.1b, A.F.2c, 5.MG.3e, 6.MG.4d, 8.MG.3e","LanternOutcome-14746, LanternOutcome-14744, LanternOutcome-14345, LanternOutcome-14429, LanternOutcome-14632, LanternOutcome-14686, LanternOutcome-14377, LanternOutcome-14399, LanternOutcome-14430",3511580,"G.RLT.3ciii, G.TR.2d, G.RLT.3cii, G.TR.2a, G.RLT.3ci, G.TR.2b","LanternOutcome-14751, LanternOutcome-14761, LanternOutcome-14750, LanternOutcome-14758, LanternOutcome-14749, LanternOutcome-14759",3512652
8019697,uallcorrectgt7s,all_correct_G_T7,student,insecure,G,T7,1,0.8,,"G.RLT.2c, G.RLT.2a, 4.MG.4c, 8.MG.3d, A.EI.1b, A.F.2c, 5.MG.3e, 6.MG.4d, 8.MG.3e","LanternOutcome-14746, LanternOutcome-14744, LanternOutcome-14345, LanternOutcome-14429, LanternOutcome-14632, LanternOutcome-14686, LanternOutcome-14377, LanternOutcome-14399, LanternOutcome-14430",3511918,"G.RLT.3ciii, G.TR.2d, G.RLT.3cii, G.TR.2a, G.RLT.3ci, G.TR.2b","LanternOutcome-14751, LanternOutcome-14761, LanternOutcome-14750, LanternOutcome-14758, LanternOutcome-14749, LanternOutcome-14759",3512927
8019710,uallcorrectgrade7t5s,all_correct_grade7_T5,student,insecure,7,T5,1,1,22496,"5.MG.1aiii, 5.MG.1ci, 6.PFA.3e, 6.PFA.1a, 6.PFA.2b, 6.PFA.1f, 6.PFA.2a, 6.PFA.3c, 6.NS.1d, 5.MG.1cii, 6.PFA.3b, 8.NS.1c, 5.MG.1ciii, 5.MG.1aii, 7.CE.1a, 6.PFA.2d, 6.PFA.2e, 5.MG.1ai, 6.PFA.1e","LanternOutcome-14359, LanternOutcome-14363, LanternOutcome-14550, LanternOutcome-14535, LanternOutcome-14542, LanternOutcome-14540, LanternOutcome-14541, LanternOutcome-14548, LanternOutcome-14211, LanternOutcome-14364, LanternOutcome-14547, LanternOutcome-14230, LanternOutcome-14365, LanternOutcome-14358, LanternOutcome-14294, LanternOutcome-14544, LanternOutcome-14545, LanternOutcome-14357, LanternOutcome-14539",3511320,"7.PFA.1e, 7.PFA.1c, 7.PFA.1d, 7.PFA.1a, 7.CE.2d, 7.CE.2c, 7.PFA.1b, 7.CE.2a, 7.CE.2b","LanternOutcome-14561, LanternOutcome-14559, LanternOutcome-14560, LanternOutcome-14557, LanternOutcome-14298, LanternOutcome-14297, LanternOutcome-14558, LanternOutcome-14295, LanternOutcome-14296",3512464
8019711,uallcorrectgrade7t6s,all_correct_grade7_T6,student,insecure,7,T6,1,1,,"5.MG.1aiii, 5.MG.1ci, 6.PFA.3e, 6.PFA.1a, 6.PFA.2b, 6.PFA.1f, 6.PFA.2a, 6.PFA.3c, 6.NS.1d, 5.MG.1cii, 6.PFA.3b, 8.NS.1c, 5.MG.1ciii, 5.MG.1aii, 7.CE.1a, 6.PFA.2d, 6.PFA.2e, 5.MG.1ai, 6.PFA.1e","LanternOutcome-14359, LanternOutcome-14363, LanternOutcome-14550, LanternOutcome-14535, LanternOutcome-14542, LanternOutcome-14540, LanternOutcome-14541, LanternOutcome-14548, LanternOutcome-14211, LanternOutcome-14364, LanternOutcome-14547, LanternOutcome-14230, LanternOutcome-14365, LanternOutcome-14358, LanternOutcome-14294, LanternOutcome-14544, LanternOutcome-14545, LanternOutcome-14357, LanternOutcome-14539",3511585,"7.PFA.1e, 7.PFA.1c, 7.PFA.1d, 7.PFA.1a, 7.CE.2d, 7.CE.2c, 7.PFA.1b, 7.CE.2a, 7.CE.2b","LanternOutcome-14561, LanternOutcome-14559, LanternOutcome-14560, LanternOutcome-14557, LanternOutcome-14298, LanternOutcome-14297, LanternOutcome-14558, LanternOutcome-14295, LanternOutcome-14296",3512657
8019712,uallcorrectgrade7t7s,all_correct_grade7_T7,student,insecure,7,T7,1,0.8,,"5.MG.1aiii, 5.MG.1ci, 6.PFA.3e, 6.PFA.1a, 6.PFA.2b, 6.PFA.1f, 6.PFA.2a, 6.PFA.3c, 6.NS.1d, 5.MG.1cii, 6.PFA.3b, 8.NS.1c, 5.MG.1ciii, 5.MG.1aii, 7.CE.1a, 6.PFA.2d, 6.PFA.2e, 5.MG.1ai, 6.PFA.1e","LanternOutcome-14359, LanternOutcome-14363, LanternOutcome-14550, LanternOutcome-14535, LanternOutcome-14542, LanternOutcome-14540, LanternOutcome-14541, LanternOutcome-14548, LanternOutcome-14211, LanternOutcome-14364, LanternOutcome-14547, LanternOutcome-14230, LanternOutcome-14365, LanternOutcome-14358, LanternOutcome-14294, LanternOutcome-14544, LanternOutcome-14545, LanternOutcome-14357, LanternOutcome-14539",3511923,"7.PFA.1e, 7.PFA.1c, 7.PFA.1d, 7.PFA.1a, 7.CE.2d, 7.CE.2c, 7.PFA.1b, 7.CE.2a, 7.CE.2b","LanternOutcome-14561, LanternOutcome-14559, LanternOutcome-14560, LanternOutcome-14557, LanternOutcome-14298, LanternOutcome-14297, LanternOutcome-14558, LanternOutcome-14295, LanternOutcome-14296",3512929
8019725,uallcorrectgrade8t5s,all_correct_grade8_T5,student,insecure,8,T5,1,1,22504,"5.PFA.1b, 6.PFA.1f, 6.PFA.1d, 7.PFA.1d, 6.MG.3d, 7.PFA.3e, 6.MG.3c, 7.PFA.1b, 7.PFA.1e, 7.PFA.2d, 7.CE.2a","LanternOutcome-14529, LanternOutcome-14540, LanternOutcome-14538, LanternOutcome-14560, LanternOutcome-14393, LanternOutcome-14570, LanternOutcome-14392, LanternOutcome-14558, LanternOutcome-14561, LanternOutcome-14565, LanternOutcome-14295",3511335,"8.PFA.3c, 8.PFA.2a, 8.PFA.3b, 8.PFA.3f, 8.PFA.2b, 8.PFA.3a, 8.PFA.3d, 8.PFA.3e","LanternOutcome-14586, LanternOutcome-14582, LanternOutcome-14585, LanternOutcome-14589, LanternOutcome-14583, LanternOutcome-14584, LanternOutcome-14587, LanternOutcome-14588",3512465
8019726,uallcorrectgrade8t6s,all_correct_grade8_T6,student,insecure,8,T6,1,1,,"5.PFA.1b, 6.PFA.1f, 6.PFA.1d, 7.PFA.1d, 6.MG.3d, 7.PFA.3e, 6.MG.3c, 7.PFA.1b, 7.PFA.1e, 7.PFA.2d, 7.CE.2a","LanternOutcome-14529, LanternOutcome-14540, LanternOutcome-14538, LanternOutcome-14560, LanternOutcome-14393, LanternOutcome-14570, LanternOutcome-14392, LanternOutcome-14558, LanternOutcome-14561, LanternOutcome-14565, LanternOutcome-14295",3511593,"8.PFA.3c, 8.PFA.2a, 8.PFA.3b, 8.PFA.3f, 8.PFA.2b, 8.PFA.3a, 8.PFA.3d, 8.PFA.3e","LanternOutcome-14586, LanternOutcome-14582, LanternOutcome-14585, LanternOutcome-14589, LanternOutcome-14583, LanternOutcome-14584, LanternOutcome-14587, LanternOutcome-14588",3512660
8019727,uallcorrectgrade8t7s,all_correct_grade8_T7,student,insecure,8,T7,1,0.8,,"5.PFA.1b, 6.PFA.1f, 6.PFA.1d, 7.PFA.1d, 6.MG.3d, 7.PFA.3e, 6.MG.3c, 7.PFA.1b, 7.PFA.1e, 7.PFA.2d, 7.CE.2a","LanternOutcome-14529, LanternOutcome-14540, LanternOutcome-14538, LanternOutcome-14560, LanternOutcome-14393, LanternOutcome-14570, LanternOutcome-14392, LanternOutcome-14558, LanternOutcome-14561, LanternOutcome-14565, LanternOutcome-14295",3511926,"8.PFA.3c, 8.PFA.2a, 8.PFA.3b, 8.PFA.3f, 8.PFA.2b, 8.PFA.3a, 8.PFA.3d, 8.PFA.3e","LanternOutcome-14586, LanternOutcome-14582, LanternOutcome-14585, LanternOutcome-14589, LanternOutcome-14583, LanternOutcome-14584, LanternOutcome-14587, LanternOutcome-14588",3512930
8019683,uallincorrecta1t5s,all_incorrect_A1_T5,student,insecure,A1,T5,0,0,22463,"4.CE.2f, 7.CE.1a, 8.PFA.1a, 8.PFA.1b, A.EO.3a, 5.NS.2c","LanternOutcome-14255, LanternOutcome-14294, LanternOutcome-14580, LanternOutcome-14581, LanternOutcome-14611, LanternOutcome-14207",3511348,"A.EO.2a, A.EO.2b, A.EO.2e, A.EO.2d, A.EO.2c","LanternOutcome-14606, LanternOutcome-14607, LanternOutcome-14610, LanternOutcome-14609, LanternOutcome-14608",3512466
8019684,uallincorrecta1t6s,all_incorrect_A1_T6,student,insecure,A1,T6,0,0.2,,"4.CE.2f, 7.CE.1a, 8.PFA.1a, 8.PFA.1b, A.EO.3a, 5.NS.2c","LanternOutcome-14255, LanternOutcome-14294, LanternOutcome-14580, LanternOutcome-14581, LanternOutcome-14611, LanternOutcome-14207",3511600,"A.EO.2a, A.EO.2b, A.EO.2e, A.EO.2d, A.EO.2c","LanternOutcome-14606, LanternOutcome-14607, LanternOutcome-14610, LanternOutcome-14609, LanternOutcome-14608",3512664
8019685,uallincorrecta1t7s,all_incorrect_A1_T7,student,insecure,A1,T7,0,0,,"4.CE.2f, 7.CE.1a, 8.PFA.1a, 8.PFA.1b, A.EO.3a, 5.NS.2c","LanternOutcome-14255, LanternOutcome-14294, LanternOutcome-14580, LanternOutcome-14581, LanternOutcome-14611, LanternOutcome-14207",3511935,"A.EO.2a, A.EO.2b, A.EO.2e, A.EO.2d, A.EO.2c","LanternOutcome-14606, LanternOutcome-14607, LanternOutcome-14610, LanternOutcome-14609, LanternOutcome-14608",3512931
8019698,uallincorrectgt5s,all_incorrect_G_T5,student,insecure,G,T5,0,0,22479,"G.RLT.2c, G.RLT.2a, 4.MG.4c, 8.MG.3d, A.EI.1b, A.F.2c, 5.MG.3e, 6.MG.4d, 8.MG.3e","LanternOutcome-14746, LanternOutcome-14744, LanternOutcome-14345, LanternOutcome-14429, LanternOutcome-14632, LanternOutcome-14686, LanternOutcome-14377, LanternOutcome-14399, LanternOutcome-14430",3511355,"G.RLT.3ciii, G.TR.2d, G.RLT.3cii, G.TR.2a, G.RLT.3ci, G.TR.2b","LanternOutcome-14751, LanternOutcome-14761, LanternOutcome-14750, LanternOutcome-14758, LanternOutcome-14749, LanternOutcome-14759",3512485
8019699,uallincorrectgt6s,all_incorrect_G_T6,student,insecure,G,T6,0,0.2,,"G.RLT.2c, G.RLT.2a, 4.MG.4c, 8.MG.3d, A.EI.1b, A.F.2c, 5.MG.3e, 6.MG.4d, 8.MG.3e","LanternOutcome-14746, LanternOutcome-14744, LanternOutcome-14345, LanternOutcome-14429, LanternOutcome-14632, LanternOutcome-14686, LanternOutcome-14377, LanternOutcome-14399, LanternOutcome-14430",3511605,"G.RLT.3ciii, G.TR.2d, G.RLT.3cii, G.TR.2a, G.RLT.3ci, G.TR.2b","LanternOutcome-14751, LanternOutcome-14761, LanternOutcome-14750, LanternOutcome-14758, LanternOutcome-14749, LanternOutcome-14759",3512865
8019700,uallincorrectgt7s,all_incorrect_G_T7,student,insecure,G,T7,0,0,,"G.RLT.2c, G.RLT.2a, 4.MG.4c, 8.MG.3d, A.EI.1b, A.F.2c, 5.MG.3e, 6.MG.4d, 8.MG.3e","LanternOutcome-14746, LanternOutcome-14744, LanternOutcome-14345, LanternOutcome-14429, LanternOutcome-14632, LanternOutcome-14686, LanternOutcome-14377, LanternOutcome-14399, LanternOutcome-14430",3511941,"G.RLT.3ciii, G.TR.2d, G.RLT.3cii, G.TR.2a, G.RLT.3ci, G.TR.2b","LanternOutcome-14751, LanternOutcome-14761, LanternOutcome-14750, LanternOutcome-14758, LanternOutcome-14749, LanternOutcome-14759",3512932
8019713,uallincorrectgrade7t133,all_incorrect_grade7_T5,student,insecure,7,T5,0,0,22496,"5.MG.1aiii, 5.MG.1ci, 6.PFA.3e, 6.PFA.1a, 6.PFA.2b, 6.PFA.1f, 6.PFA.2a, 6.PFA.3c, 6.NS.1d, 5.MG.1cii, 6.PFA.3b, 8.NS.1c, 5.MG.1ciii, 5.MG.1aii, 7.CE.1a, 6.PFA.2d, 6.PFA.2e, 5.MG.1ai, 6.PFA.1e","LanternOutcome-14359, LanternOutcome-14363, LanternOutcome-14550, LanternOutcome-14535, LanternOutcome-14542, LanternOutcome-14540, LanternOutcome-14541, LanternOutcome-14548, LanternOutcome-14211, LanternOutcome-14364, LanternOutcome-14547, LanternOutcome-14230, LanternOutcome-14365, LanternOutcome-14358, LanternOutcome-14294, LanternOutcome-14544, LanternOutcome-14545, LanternOutcome-14357, LanternOutcome-14539",3511358,"7.PFA.1e, 7.PFA.1c, 7.PFA.1d, 7.PFA.1a, 7.CE.2d, 7.CE.2c, 7.PFA.1b, 7.CE.2a, 7.CE.2b","LanternOutcome-14561, LanternOutcome-14559, LanternOutcome-14560, LanternOutcome-14557, LanternOutcome-14298, LanternOutcome-14297, LanternOutcome-14558, LanternOutcome-14295, LanternOutcome-14296",3512486
8019714,uallincorrectgrade7t10,all_incorrect_grade7_T6,student,insecure,7,T6,0,0.2,,"5.MG.1aiii, 5.MG.1ci, 6.PFA.3e, 6.PFA.1a, 6.PFA.2b, 6.PFA.1f, 6.PFA.2a, 6.PFA.3c, 6.NS.1d, 5.MG.1cii, 6.PFA.3b, 8.NS.1c, 5.MG.1ciii, 5.MG.1aii, 7.CE.1a, 6.PFA.2d, 6.PFA.2e, 5.MG.1ai, 6.PFA.1e","LanternOutcome-14359, LanternOutcome-14363, LanternOutcome-14550, LanternOutcome-14535, LanternOutcome-14542, LanternOutcome-14540, LanternOutcome-14541, LanternOutcome-14548, LanternOutcome-14211, LanternOutcome-14364, LanternOutcome-14547, LanternOutcome-14230, LanternOutcome-14365, LanternOutcome-14358, LanternOutcome-14294, LanternOutcome-14544, LanternOutcome-14545, LanternOutcome-14357, LanternOutcome-14539",3511610,"7.PFA.1e, 7.PFA.1c, 7.PFA.1d, 7.PFA.1a, 7.CE.2d, 7.CE.2c, 7.PFA.1b, 7.CE.2a, 7.CE.2b","LanternOutcome-14561, LanternOutcome-14559, LanternOutcome-14560, LanternOutcome-14557, LanternOutcome-14298, LanternOutcome-14297, LanternOutcome-14558, LanternOutcome-14295, LanternOutcome-14296",3512868
8019715,uallincorrectgrade7t112,all_incorrect_grade7_T7,student,insecure,7,T7,0,0,,"5.MG.1aiii, 5.MG.1ci, 6.PFA.3e, 6.PFA.1a, 6.PFA.2b, 6.PFA.1f, 6.PFA.2a, 6.PFA.3c, 6.NS.1d, 5.MG.1cii, 6.PFA.3b, 8.NS.1c, 5.MG.1ciii, 5.MG.1aii, 7.CE.1a, 6.PFA.2d, 6.PFA.2e, 5.MG.1ai, 6.PFA.1e","LanternOutcome-14359, LanternOutcome-14363, LanternOutcome-14550, LanternOutcome-14535, LanternOutcome-14542, LanternOutcome-14540, LanternOutcome-14541, LanternOutcome-14548, LanternOutcome-14211, LanternOutcome-14364, LanternOutcome-14547, LanternOutcome-14230, LanternOutcome-14365, LanternOutcome-14358, LanternOutcome-14294, LanternOutcome-14544, LanternOutcome-14545, LanternOutcome-14357, LanternOutcome-14539",3511950,"7.PFA.1e, 7.PFA.1c, 7.PFA.1d, 7.PFA.1a, 7.CE.2d, 7.CE.2c, 7.PFA.1b, 7.CE.2a, 7.CE.2b","LanternOutcome-14561, LanternOutcome-14559, LanternOutcome-14560, LanternOutcome-14557, LanternOutcome-14298, LanternOutcome-14297, LanternOutcome-14558, LanternOutcome-14295, LanternOutcome-14296",3512933
8019728,uallincorrectgrade8t110,all_incorrect_grade8_T5,student,insecure,8,T5,0,0,22504,"5.PFA.1b, 6.PFA.1f, 6.PFA.1d, 7.PFA.1d, 6.MG.3d, 7.PFA.3e, 6.MG.3c, 7.PFA.1b, 7.PFA.1e, 7.PFA.2d, 7.CE.2a","LanternOutcome-14529, LanternOutcome-14540, LanternOutcome-14538, LanternOutcome-14560, LanternOutcome-14393, LanternOutcome-14570, LanternOutcome-14392, LanternOutcome-14558, LanternOutcome-14561, LanternOutcome-14565, LanternOutcome-14295",3511392,"8.PFA.3c, 8.PFA.2a, 8.PFA.3b, 8.PFA.3f, 8.PFA.2b, 8.PFA.3a, 8.PFA.3d, 8.PFA.3e","LanternOutcome-14586, LanternOutcome-14582, LanternOutcome-14585, LanternOutcome-14589, LanternOutcome-14583, LanternOutcome-14584, LanternOutcome-14587, LanternOutcome-14588",3512487
8019730,uallincorrectgrade8t168,all_incorrect_grade8_T6,student,insecure,8,T6,0,0.2,,"5.PFA.1b, 6.PFA.1f, 6.PFA.1d, 7.PFA.1d, 6.MG.3d, 7.PFA.3e, 6.MG.3c, 7.PFA.1b, 7.PFA.1e, 7.PFA.2d, 7.CE.2a","LanternOutcome-14529, LanternOutcome-14540, LanternOutcome-14538, LanternOutcome-14560, LanternOutcome-14393, LanternOutcome-14570, LanternOutcome-14392, LanternOutcome-14558, LanternOutcome-14561, LanternOutcome-14565, LanternOutcome-14295",3511614,"8.PFA.3c, 8.PFA.2a, 8.PFA.3b, 8.PFA.3f, 8.PFA.2b, 8.PFA.3a, 8.PFA.3d, 8.PFA.3e","LanternOutcome-14586, LanternOutcome-14582, LanternOutcome-14585, LanternOutcome-14589, LanternOutcome-14583, LanternOutcome-14584, LanternOutcome-14587, LanternOutcome-14588",3512869
8019729,uallincorrectgrade8t18,all_incorrect_grade8_T7,student,insecure,8,T7,0,0,,"5.PFA.1b, 6.PFA.1f, 6.PFA.1d, 7.PFA.1d, 6.MG.3d, 7.PFA.3e, 6.MG.3c, 7.PFA.1b, 7.PFA.1e, 7.PFA.2d, 7.CE.2a","LanternOutcome-14529, LanternOutcome-14540, LanternOutcome-14538, LanternOutcome-14560, LanternOutcome-14393, LanternOutcome-14570, LanternOutcome-14392, LanternOutcome-14558, LanternOutcome-14561, LanternOutcome-14565, LanternOutcome-14295",3511963,"8.PFA.3c, 8.PFA.2a, 8.PFA.3b, 8.PFA.3f, 8.PFA.2b, 8.PFA.3a, 8.PFA.3d, 8.PFA.3e","LanternOutcome-14586, LanternOutcome-14582, LanternOutcome-14585, LanternOutcome-14589, LanternOutcome-14583, LanternOutcome-14584, LanternOutcome-14587, LanternOutcome-14588",3512934
8019686,umostlycorrecta1t5s,mostly_correct_A1_T5,student,insecure,A1,T5,0.7,0.7,22463,"4.CE.2f, 7.CE.1a, 8.PFA.1a, 8.PFA.1b, A.EO.3a, 5.NS.2c","LanternOutcome-14255, LanternOutcome-14294, LanternOutcome-14580, LanternOutcome-14581, LanternOutcome-14611, LanternOutcome-14207",3511401,"A.EO.2a, A.EO.2b, A.EO.2e, A.EO.2d, A.EO.2c","LanternOutcome-14606, LanternOutcome-14607, LanternOutcome-14610, LanternOutcome-14609, LanternOutcome-14608",3512491
8019687,umostlycorrecta1t6s,mostly_correct_A1_T6,student,insecure,A1,T6,0.7,0.9,,"4.CE.2f, 7.CE.1a, 8.PFA.1a, 8.PFA.1b, A.EO.3a, 5.NS.2c","LanternOutcome-14255, LanternOutcome-14294, LanternOutcome-14580, LanternOutcome-14581, LanternOutcome-14611, LanternOutcome-14207",3511626,"A.EO.2a, A.EO.2b, A.EO.2e, A.EO.2d, A.EO.2c","LanternOutcome-14606, LanternOutcome-14607, LanternOutcome-14610, LanternOutcome-14609, LanternOutcome-14608",3512870
8019688,umostlycorrecta1t7s,mostly_correct_A1_T7,student,insecure,A1,T7,0.7,0.5,,"4.CE.2f, 7.CE.1a, 8.PFA.1a, 8.PFA.1b, A.EO.3a, 5.NS.2c","LanternOutcome-14255, LanternOutcome-14294, LanternOutcome-14580, LanternOutcome-14581, LanternOutcome-14611, LanternOutcome-14207",3511974,"A.EO.2a, A.EO.2b, A.EO.2e, A.EO.2d, A.EO.2c","LanternOutcome-14606, LanternOutcome-14607, LanternOutcome-14610, LanternOutcome-14609, LanternOutcome-14608",3512936
8019701,umostlycorrectgt5s,mostly_correct_G_T5,student,insecure,G,T5,0.7,0.7,22479,"G.RLT.2c, G.RLT.2a, 4.MG.4c, 8.MG.3d, A.EI.1b, A.F.2c, 5.MG.3e, 6.MG.4d, 8.MG.3e","LanternOutcome-14746, LanternOutcome-14744, LanternOutcome-14345, LanternOutcome-14429, LanternOutcome-14632, LanternOutcome-14686, LanternOutcome-14377, LanternOutcome-14399, LanternOutcome-14430",3511414,"G.RLT.3ciii, G.TR.2d, G.RLT.3cii, G.TR.2a, G.RLT.3ci, G.TR.2b","LanternOutcome-14751, LanternOutcome-14761, LanternOutcome-14750, LanternOutcome-14758, LanternOutcome-14749, LanternOutcome-14759",3512497
8019702,umostlycorrectgt6s,mostly_correct_G_T6,student,insecure,G,T6,0.7,0.9,,"G.RLT.2c, G.RLT.2a, 4.MG.4c, 8.MG.3d, A.EI.1b, A.F.2c, 5.MG.3e, 6.MG.4d, 8.MG.3e","LanternOutcome-14746, LanternOutcome-14744, LanternOutcome-14345, LanternOutcome-14429, LanternOutcome-14632, LanternOutcome-14686, LanternOutcome-14377, LanternOutcome-14399, LanternOutcome-14430",3511631,"G.RLT.3ciii, G.TR.2d, G.RLT.3cii, G.TR.2a, G.RLT.3ci, G.TR.2b","LanternOutcome-14751, LanternOutcome-14761, LanternOutcome-14750, LanternOutcome-14758, LanternOutcome-14749, LanternOutcome-14759",3512873
8019703,umostlycorrectgt7s,mostly_correct_G_T7,student,insecure,G,T7,0.7,0.5,,"G.RLT.2c, G.RLT.2a, 4.MG.4c, 8.MG.3d, A.EI.1b, A.F.2c, 5.MG.3e, 6.MG.4d, 8.MG.3e","LanternOutcome-14746, LanternOutcome-14744, LanternOutcome-14345, LanternOutcome-14429, LanternOutcome-14632, LanternOutcome-14686, LanternOutcome-14377, LanternOutcome-14399, LanternOutcome-14430",3511986,"G.RLT.3ciii, G.TR.2d, G.RLT.3cii, G.TR.2a, G.RLT.3ci, G.TR.2b","LanternOutcome-14751, LanternOutcome-14761, LanternOutcome-14750, LanternOutcome-14758, LanternOutcome-14749, LanternOutcome-14759",3512937
8019716,umostlycorrectgrade7153,mostly_correct_grade7_T5,student,insecure,7,T5,0.7,0.7,22496,"5.MG.1aiii, 5.MG.1ci, 6.PFA.3e, 6.PFA.1a, 6.PFA.2b, 6.PFA.1f, 6.PFA.2a, 6.PFA.3c, 6.NS.1d, 5.MG.1cii, 6.PFA.3b, 8.NS.1c, 5.MG.1ciii, 5.MG.1aii, 7.CE.1a, 6.PFA.2d, 6.PFA.2e, 5.MG.1ai, 6.PFA.1e","LanternOutcome-14359, LanternOutcome-14363, LanternOutcome-14550, LanternOutcome-14535, LanternOutcome-14542, LanternOutcome-14540, LanternOutcome-14541, LanternOutcome-14548, LanternOutcome-14211, LanternOutcome-14364, LanternOutcome-14547, LanternOutcome-14230, LanternOutcome-14365, LanternOutcome-14358, LanternOutcome-14294, LanternOutcome-14544, LanternOutcome-14545, LanternOutcome-14357, LanternOutcome-14539",3511427,"7.PFA.1e, 7.PFA.1c, 7.PFA.1d, 7.PFA.1a, 7.CE.2d, 7.CE.2c, 7.PFA.1b, 7.CE.2a, 7.CE.2b","LanternOutcome-14561, LanternOutcome-14559, LanternOutcome-14560, LanternOutcome-14557, LanternOutcome-14298, LanternOutcome-14297, LanternOutcome-14558, LanternOutcome-14295, LanternOutcome-14296",3512502
8019718,umostlycorrectgrade7163,mostly_correct_grade7_T6,student,insecure,7,T6,0.7,0.9,,"5.MG.1aiii, 5.MG.1ci, 6.PFA.3e, 6.PFA.1a, 6.PFA.2b, 6.PFA.1f, 6.PFA.2a, 6.PFA.3c, 6.NS.1d, 5.MG.1cii, 6.PFA.3b, 8.NS.1c, 5.MG.1ciii, 5.MG.1aii, 7.CE.1a, 6.PFA.2d, 6.PFA.2e, 5.MG.1ai, 6.PFA.1e","LanternOutcome-14359, LanternOutcome-14363, LanternOutcome-14550, LanternOutcome-14535, LanternOutcome-14542, LanternOutcome-14540, LanternOutcome-14541, LanternOutcome-14548, LanternOutcome-14211, LanternOutcome-14364, LanternOutcome-14547, LanternOutcome-14230, LanternOutcome-14365, LanternOutcome-14358, LanternOutcome-14294, LanternOutcome-14544, LanternOutcome-14545, LanternOutcome-14357, LanternOutcome-14539",3511635,"7.PFA.1e, 7.PFA.1c, 7.PFA.1d, 7.PFA.1a, 7.CE.2d, 7.CE.2c, 7.PFA.1b, 7.CE.2a, 7.CE.2b","LanternOutcome-14561, LanternOutcome-14559, LanternOutcome-14560, LanternOutcome-14557, LanternOutcome-14298, LanternOutcome-14297, LanternOutcome-14558, LanternOutcome-14295, LanternOutcome-14296",3512875
8019717,umostlycorrectgrade7126,mostly_correct_grade7_T7,student,insecure,7,T7,0.7,0.5,,"5.MG.1aiii, 5.MG.1ci, 6.PFA.3e, 6.PFA.1a, 6.PFA.2b, 6.PFA.1f, 6.PFA.2a, 6.PFA.3c, 6.NS.1d, 5.MG.1cii, 6.PFA.3b, 8.NS.1c, 5.MG.1ciii, 5.MG.1aii, 7.CE.1a, 6.PFA.2d, 6.PFA.2e, 5.MG.1ai, 6.PFA.1e","LanternOutcome-14359, LanternOutcome-14363, LanternOutcome-14550, LanternOutcome-14535, LanternOutcome-14542, LanternOutcome-14540, LanternOutcome-14541, LanternOutcome-14548, LanternOutcome-14211, LanternOutcome-14364, LanternOutcome-14547, LanternOutcome-14230, LanternOutcome-14365, LanternOutcome-14358, LanternOutcome-14294, LanternOutcome-14544, LanternOutcome-14545, LanternOutcome-14357, LanternOutcome-14539",3512001,"7.PFA.1e, 7.PFA.1c, 7.PFA.1d, 7.PFA.1a, 7.CE.2d, 7.CE.2c, 7.PFA.1b, 7.CE.2a, 7.CE.2b","LanternOutcome-14561, LanternOutcome-14559, LanternOutcome-14560, LanternOutcome-14557, LanternOutcome-14298, LanternOutcome-14297, LanternOutcome-14558, LanternOutcome-14295, LanternOutcome-14296",3512938
8019731,umostlycorrectgrade812,mostly_correct_grade8_T5,student,insecure,8,T5,0.7,0.7,22504,"5.PFA.1b, 6.PFA.1f, 6.PFA.1d, 7.PFA.1d, 6.MG.3d, 7.PFA.3e, 6.MG.3c, 7.PFA.1b, 7.PFA.1e, 7.PFA.2d, 7.CE.2a","LanternOutcome-14529, LanternOutcome-14540, LanternOutcome-14538, LanternOutcome-14560, LanternOutcome-14393, LanternOutcome-14570, LanternOutcome-14392, LanternOutcome-14558, LanternOutcome-14561, LanternOutcome-14565, LanternOutcome-14295",3511436,"8.PFA.3c, 8.PFA.2a, 8.PFA.3b, 8.PFA.3f, 8.PFA.2b, 8.PFA.3a, 8.PFA.3d, 8.PFA.3e","LanternOutcome-14586, LanternOutcome-14582, LanternOutcome-14585, LanternOutcome-14589, LanternOutcome-14583, LanternOutcome-14584, LanternOutcome-14587, LanternOutcome-14588",3512566
8019732,umostlycorrectgrade8183,mostly_correct_grade8_T6,student,insecure,8,T6,0.7,0.9,,"5.PFA.1b, 6.PFA.1f, 6.PFA.1d, 7.PFA.1d, 6.MG.3d, 7.PFA.3e, 6.MG.3c, 7.PFA.1b, 7.PFA.1e, 7.PFA.2d, 7.CE.2a","LanternOutcome-14529, LanternOutcome-14540, LanternOutcome-14538, LanternOutcome-14560, LanternOutcome-14393, LanternOutcome-14570, LanternOutcome-14392, LanternOutcome-14558, LanternOutcome-14561, LanternOutcome-14565, LanternOutcome-14295",3511640,"8.PFA.3c, 8.PFA.2a, 8.PFA.3b, 8.PFA.3f, 8.PFA.2b, 8.PFA.3a, 8.PFA.3d, 8.PFA.3e","LanternOutcome-14586, LanternOutcome-14582, LanternOutcome-14585, LanternOutcome-14589, LanternOutcome-14583, LanternOutcome-14584, LanternOutcome-14587, LanternOutcome-14588",3512879
8019733,umostlycorrectgrade8122,mostly_correct_grade8_T7,student,insecure,8,T7,0.7,0.5,,"5.PFA.1b, 6.PFA.1f, 6.PFA.1d, 7.PFA.1d, 6.MG.3d, 7.PFA.3e, 6.MG.3c, 7.PFA.1b, 7.PFA.1e, 7.PFA.2d, 7.CE.2a","LanternOutcome-14529, LanternOutcome-14540, LanternOutcome-14538, LanternOutcome-14560, LanternOutcome-14393, LanternOutcome-14570, LanternOutcome-14392, LanternOutcome-14558, LanternOutcome-14561, LanternOutcome-14565, LanternOutcome-14295",3512012,"8.PFA.3c, 8.PFA.2a, 8.PFA.3b, 8.PFA.3f, 8.PFA.2b, 8.PFA.3a, 8.PFA.3d, 8.PFA.3e","LanternOutcome-14586, LanternOutcome-14582, LanternOutcome-14585, LanternOutcome-14589, LanternOutcome-14583, LanternOutcome-14584, LanternOutcome-14587, LanternOutcome-14588",3512940
8019689,umostlyincorrecta1t5,mostly_incorrect_A1_T5,student,insecure,A1,T5,0.3,0.3,22463,"4.CE.2f, 7.CE.1a, 8.PFA.1a, 8.PFA.1b, A.EO.3a, 5.NS.2c","LanternOutcome-14255, LanternOutcome-14294, LanternOutcome-14580, LanternOutcome-14581, LanternOutcome-14611, LanternOutcome-14207",3511447,"A.EO.2a, A.EO.2b, A.EO.2e, A.EO.2d, A.EO.2c","LanternOutcome-14606, LanternOutcome-14607, LanternOutcome-14610, LanternOutcome-14609, LanternOutcome-14608",3512577
8019690,umostlyincorrecta1t6,mostly_incorrect_A1_T6,student,insecure,A1,T6,0.3,0.5,,"4.CE.2f, 7.CE.1a, 8.PFA.1a, 8.PFA.1b, A.EO.3a, 5.NS.2c","LanternOutcome-14255, LanternOutcome-14294, LanternOutcome-14580, LanternOutcome-14581, LanternOutcome-14611, LanternOutcome-14207",3511676,"A.EO.2a, A.EO.2b, A.EO.2e, A.EO.2d, A.EO.2c","LanternOutcome-14606, LanternOutcome-14607, LanternOutcome-14610, LanternOutcome-14609, LanternOutcome-14608",3512951
8019691,umostlyincorrecta1t7,mostly_incorrect_A1_T7,student,insecure,A1,T7,0.3,0.1,,"4.CE.2f, 7.CE.1a, 8.PFA.1a, 8.PFA.1b, A.EO.3a, 5.NS.2c","LanternOutcome-14255, LanternOutcome-14294, LanternOutcome-14580, LanternOutcome-14581, LanternOutcome-14611, LanternOutcome-14207",3512019,"A.EO.2a, A.EO.2b, A.EO.2e, A.EO.2d, A.EO.2c","LanternOutcome-14606, LanternOutcome-14607, LanternOutcome-14610, LanternOutcome-14609, LanternOutcome-14608",3512941
8019704,umostlyincorrectgt5s,mostly_incorrect_G_T5,student,insecure,G,T5,0.3,0.3,22479,"G.RLT.2c, G.RLT.2a, 4.MG.4c, 8.MG.3d, A.EI.1b, A.F.2c, 5.MG.3e, 6.MG.4d, 8.MG.3e","LanternOutcome-14746, LanternOutcome-14744, LanternOutcome-14345, LanternOutcome-14429, LanternOutcome-14632, LanternOutcome-14686, LanternOutcome-14377, LanternOutcome-14399, LanternOutcome-14430",3511453,"G.RLT.3ciii, G.TR.2d, G.RLT.3cii, G.TR.2a, G.RLT.3ci, G.TR.2b","LanternOutcome-14751, LanternOutcome-14761, LanternOutcome-14750, LanternOutcome-14758, LanternOutcome-14749, LanternOutcome-14759",3512585
8019705,umostlyincorrectgt6s,mostly_incorrect_G_T6,student,insecure,G,T6,0.3,0.5,,"G.RLT.2c, G.RLT.2a, 4.MG.4c, 8.MG.3d, A.EI.1b, A.F.2c, 5.MG.3e, 6.MG.4d, 8.MG.3e","LanternOutcome-14746, LanternOutcome-14744, LanternOutcome-14345, LanternOutcome-14429, LanternOutcome-14632, LanternOutcome-14686, LanternOutcome-14377, LanternOutcome-14399, LanternOutcome-14430",3511685,"G.RLT.3ciii, G.TR.2d, G.RLT.3cii, G.TR.2a, G.RLT.3ci, G.TR.2b","LanternOutcome-14751, LanternOutcome-14761, LanternOutcome-14750, LanternOutcome-14758, LanternOutcome-14749, LanternOutcome-14759",3512952
8019706,umostlyincorrectgt7s,mostly_incorrect_G_T7,student,insecure,G,T7,0.3,0.1,,"G.RLT.2c, G.RLT.2a, 4.MG.4c, 8.MG.3d, A.EI.1b, A.F.2c, 5.MG.3e, 6.MG.4d, 8.MG.3e","LanternOutcome-14746, LanternOutcome-14744, LanternOutcome-14345, LanternOutcome-14429, LanternOutcome-14632, LanternOutcome-14686, LanternOutcome-14377, LanternOutcome-14399, LanternOutcome-14430",3512024,"G.RLT.3ciii, G.TR.2d, G.RLT.3cii, G.TR.2a, G.RLT.3ci, G.TR.2b","LanternOutcome-14751, LanternOutcome-14761, LanternOutcome-14750, LanternOutcome-14758, LanternOutcome-14749, LanternOutcome-14759",3512945
8019719,umostlyincorrectgrad244,mostly_incorrect_grade7_T5,student,insecure,7,T5,0.3,0.3,22496,"5.MG.1aiii, 5.MG.1ci, 6.PFA.3e, 6.PFA.1a, 6.PFA.2b, 6.PFA.1f, 6.PFA.2a, 6.PFA.3c, 6.NS.1d, 5.MG.1cii, 6.PFA.3b, 8.NS.1c, 5.MG.1ciii, 5.MG.1aii, 7.CE.1a, 6.PFA.2d, 6.PFA.2e, 5.MG.1ai, 6.PFA.1e","LanternOutcome-14359, LanternOutcome-14363, LanternOutcome-14550, LanternOutcome-14535, LanternOutcome-14542, LanternOutcome-14540, LanternOutcome-14541, LanternOutcome-14548, LanternOutcome-14211, LanternOutcome-14364, LanternOutcome-14547, LanternOutcome-14230, LanternOutcome-14365, LanternOutcome-14358, LanternOutcome-14294, LanternOutcome-14544, LanternOutcome-14545, LanternOutcome-14357, LanternOutcome-14539",3511458,"7.PFA.1e, 7.PFA.1c, 7.PFA.1d, 7.PFA.1a, 7.CE.2d, 7.CE.2c, 7.PFA.1b, 7.CE.2a, 7.CE.2b","LanternOutcome-14561, LanternOutcome-14559, LanternOutcome-14560, LanternOutcome-14557, LanternOutcome-14298, LanternOutcome-14297, LanternOutcome-14558, LanternOutcome-14295, LanternOutcome-14296",3512594
8019720,umostlyincorrectgrad247,mostly_incorrect_grade7_T6,student,insecure,7,T6,0.3,0.5,,"5.MG.1aiii, 5.MG.1ci, 6.PFA.3e, 6.PFA.1a, 6.PFA.2b, 6.PFA.1f, 6.PFA.2a, 6.PFA.3c, 6.NS.1d, 5.MG.1cii, 6.PFA.3b, 8.NS.1c, 5.MG.1ciii, 5.MG.1aii, 7.CE.1a, 6.PFA.2d, 6.PFA.2e, 5.MG.1ai, 6.PFA.1e","LanternOutcome-14359, LanternOutcome-14363, LanternOutcome-14550, LanternOutcome-14535, LanternOutcome-14542, LanternOutcome-14540, LanternOutcome-14541, LanternOutcome-14548, LanternOutcome-14211, LanternOutcome-14364, LanternOutcome-14547, LanternOutcome-14230, LanternOutcome-14365, LanternOutcome-14358, LanternOutcome-14294, LanternOutcome-14544, LanternOutcome-14545, LanternOutcome-14357, LanternOutcome-14539",3511695,"7.PFA.1e, 7.PFA.1c, 7.PFA.1d, 7.PFA.1a, 7.CE.2d, 7.CE.2c, 7.PFA.1b, 7.CE.2a, 7.CE.2b","LanternOutcome-14561, LanternOutcome-14559, LanternOutcome-14560, LanternOutcome-14557, LanternOutcome-14298, LanternOutcome-14297, LanternOutcome-14558, LanternOutcome-14295, LanternOutcome-14296",3512954
8019721,umostlyincorrectgrad138,mostly_incorrect_grade7_T7,student,insecure,7,T7,0.3,0.1,,"5.MG.1aiii, 5.MG.1ci, 6.PFA.3e, 6.PFA.1a, 6.PFA.2b, 6.PFA.1f, 6.PFA.2a, 6.PFA.3c, 6.NS.1d, 5.MG.1cii, 6.PFA.3b, 8.NS.1c, 5.MG.1ciii, 5.MG.1aii, 7.CE.1a, 6.PFA.2d, 6.PFA.2e, 5.MG.1ai, 6.PFA.1e","LanternOutcome-14359, LanternOutcome-14363, LanternOutcome-14550, LanternOutcome-14535, LanternOutcome-14542, LanternOutcome-14540, LanternOutcome-14541, LanternOutcome-14548, LanternOutcome-14211, LanternOutcome-14364, LanternOutcome-14547, LanternOutcome-14230, LanternOutcome-14365, LanternOutcome-14358, LanternOutcome-14294, LanternOutcome-14544, LanternOutcome-14545, LanternOutcome-14357, LanternOutcome-14539",3512036,"7.PFA.1e, 7.PFA.1c, 7.PFA.1d, 7.PFA.1a, 7.CE.2d, 7.CE.2c, 7.PFA.1b, 7.CE.2a, 7.CE.2b","LanternOutcome-14561, LanternOutcome-14559, LanternOutcome-14560, LanternOutcome-14557, LanternOutcome-14298, LanternOutcome-14297, LanternOutcome-14558, LanternOutcome-14295, LanternOutcome-14296",3512946
8019736,umostlyincorrectgrad102,mostly_incorrect_grade8_T5,student,insecure,8,T5,0.3,0.3,22504,"5.PFA.1b, 6.PFA.1f, 6.PFA.1d, 7.PFA.1d, 6.MG.3d, 7.PFA.3e, 6.MG.3c, 7.PFA.1b, 7.PFA.1e, 7.PFA.2d, 7.CE.2a","LanternOutcome-14529, LanternOutcome-14540, LanternOutcome-14538, LanternOutcome-14560, LanternOutcome-14393, LanternOutcome-14570, LanternOutcome-14392, LanternOutcome-14558, LanternOutcome-14561, LanternOutcome-14565, LanternOutcome-14295",3511491,"8.PFA.3c, 8.PFA.2a, 8.PFA.3b, 8.PFA.3f, 8.PFA.2b, 8.PFA.3a, 8.PFA.3d, 8.PFA.3e","LanternOutcome-14586, LanternOutcome-14582, LanternOutcome-14585, LanternOutcome-14589, LanternOutcome-14583, LanternOutcome-14584, LanternOutcome-14587, LanternOutcome-14588",3512600
8019735,umostlyincorrectgrad200,mostly_incorrect_grade8_T6,student,insecure,8,T6,0.3,0.5,,"5.PFA.1b, 6.PFA.1f, 6.PFA.1d, 7.PFA.1d, 6.MG.3d, 7.PFA.3e, 6.MG.3c, 7.PFA.1b, 7.PFA.1e, 7.PFA.2d, 7.CE.2a","LanternOutcome-14529, LanternOutcome-14540, LanternOutcome-14538, LanternOutcome-14560, LanternOutcome-14393, LanternOutcome-14570, LanternOutcome-14392, LanternOutcome-14558, LanternOutcome-14561, LanternOutcome-14565, LanternOutcome-14295",3511705,"8.PFA.3c, 8.PFA.2a, 8.PFA.3b, 8.PFA.3f, 8.PFA.2b, 8.PFA.3a, 8.PFA.3d, 8.PFA.3e","LanternOutcome-14586, LanternOutcome-14582, LanternOutcome-14585, LanternOutcome-14589, LanternOutcome-14583, LanternOutcome-14584, LanternOutcome-14587, LanternOutcome-14588",3512956
8019734,umostlyincorrectgrad133,mostly_incorrect_grade8_T7,student,insecure,8,T7,0.3,0.1,,"5.PFA.1b, 6.PFA.1f, 6.PFA.1d, 7.PFA.1d, 6.MG.3d, 7.PFA.3e, 6.MG.3c, 7.PFA.1b, 7.PFA.1e, 7.PFA.2d, 7.CE.2a","LanternOutcome-14529, LanternOutcome-14540, LanternOutcome-14538, LanternOutcome-14560, LanternOutcome-14393, LanternOutcome-14570, LanternOutcome-14392, LanternOutcome-14558, LanternOutcome-14561, LanternOutcome-14565, LanternOutcome-14295",3512241,"8.PFA.3c, 8.PFA.2a, 8.PFA.3b, 8.PFA.3f, 8.PFA.2b, 8.PFA.3a, 8.PFA.3d, 8.PFA.3e","LanternOutcome-14586, LanternOutcome-14582, LanternOutcome-14585, LanternOutcome-14589, LanternOutcome-14583, LanternOutcome-14584, LanternOutcome-14587, LanternOutcome-14588",3512947
